module	package	resolute	noble	verdict
01_system	build-essential	yes	yes	ok
01_system	curl	yes	yes	ok
01_system	wget	yes	yes	ok
01_system	git	yes	yes	ok
01_system	jq	yes	yes	ok
01_system	unzip	yes	yes	ok
01_system	zip	yes	yes	ok
01_system	fontconfig	yes	yes	ok
01_system	flatpak	yes	yes	ok
01_system	libglib2.0-bin	yes	yes	ok
01_system	dconf-cli	yes	yes	ok
01_system	zenity	yes	yes	ok
01_system	xdg-utils	yes	yes	ok
01_system	ca-certificates	yes	yes	ok
01_system	gnupg	yes	yes	ok
01_system	xterm	yes	yes	ok
01_system	openssh-server	yes	yes	ok
01_system	libssl-dev	yes	yes	ok
01_system	zlib1g-dev	yes	yes	ok
01_system	libbz2-dev	yes	yes	ok
01_system	libreadline-dev	yes	yes	ok
01_system	libsqlite3-dev	yes	yes	ok
01_system	libffi-dev	yes	yes	ok
01_system	liblzma-dev	yes	yes	ok
01_system	fuse3	yes	yes	ok
01_system	libfuse2t64	yes	yes	ok
01_system	libfuse2	no	no	MISSING (neither suite)
01_system	nautilus	yes	yes	ok
01_system	gnome-terminal	yes	yes	ok
01_system	nautilus-extension-gnome-terminal	no	yes	RENAMED-OR-DROPPED (in noble only)
04_gui	code	no	no	MISSING (neither suite)
04_gui	copyq	yes	yes	ok
09_search	python3-gi	yes	yes	ok
09_search	gir1.2-gtk-3.0	yes	yes	ok
04b_apps	avahi-daemon	yes	yes	ok
04b_apps	bat	yes	yes	ok
04b_apps	btop	yes	yes	ok
04b_apps	brightnessctl	yes	yes	ok
04b_apps	clang	yes	yes	ok
04b_apps	cups	yes	yes	ok
04b_apps	cups-filters	yes	yes	ok
04b_apps	cups-pk-helper	yes	yes	ok
04b_apps	ddcutil	yes	yes	ok
04b_apps	docker.io	yes	yes	ok
04b_apps	docker-compose-v2	yes	yes	ok
04b_apps	eza	yes	yes	ok
04b_apps	exfatprogs	yes	yes	ok
04b_apps	fd-find	yes	yes	ok
04b_apps	ffmpeg	yes	yes	ok
04b_apps	ffmpegthumbnailer	yes	yes	ok
04b_apps	fzf	yes	yes	ok
04b_apps	gh	yes	yes	ok
04b_apps	gnome-disk-utility	yes	yes	ok
04b_apps	gnome-sushi	yes	yes	ok
04b_apps	gnome-tweaks	yes	yes	ok
04b_apps	gvfs-backends	yes	yes	ok
04b_apps	imagemagick	yes	yes	ok
04b_apps	inotify-tools	yes	yes	ok
04b_apps	inxi	yes	yes	ok
04b_apps	libsecret-tools	yes	yes	ok
04b_apps	man-db	yes	yes	ok
04b_apps	ncdu	yes	yes	ok
04b_apps	plocate	yes	yes	ok
04b_apps	qrencode	yes	yes	ok
04b_apps	ripgrep	yes	yes	ok
04b_apps	ruby	yes	yes	ok
04b_apps	socat	yes	yes	ok
04b_apps	system-config-printer	yes	yes	ok
04b_apps	tesseract-ocr	yes	yes	ok
04b_apps	tldr	no	yes	RENAMED-OR-DROPPED (in noble only)
04b_apps	tmux	yes	yes	ok
04b_apps	whois	yes	yes	ok
04b_apps	wl-clipboard	yes	yes	ok
04b_apps	yt-dlp	yes	yes	ok
04b_apps	zoxide	yes	yes	ok
04b_apps	inxi	yes	yes	ok
04c_policy	libfuse2t64	yes	yes	ok
